Instance,Algorithm,Makespan,Runtime_sec
average,greedy_spt,242.0,0.04198884963989258
average,local_search,210.0,0.6910223960876465
average,simulated_annealing,203.0,1.328416109085083
average,tabu_search,211.0,3.0506019592285156
average,genetic_algorithm,231.0,1.1677873134613037
average,memetic_algorithm,222.0,2.4119534492492676
low_flexibility,greedy_spt,499.0,0.03011345863342285
low_flexibility,local_search,419.0,0.687960147857666
low_flexibility,simulated_annealing,419.0,1.4334220886230469
low_flexibility,tabu_search,419.0,3.293306589126587
low_flexibility,genetic_algorithm,419.0,1.0747323036193848
low_flexibility,memetic_algorithm,419.0,2.3762495517730713
high_flexibility,greedy_spt,176.0,0.037879228591918945
high_flexibility,local_search,159.0,0.594804048538208
high_flexibility,simulated_annealing,160.0,1.2654540538787842
high_flexibility,tabu_search,147.0,2.738884449005127
high_flexibility,genetic_algorithm,191.0,1.1360151767730713
high_flexibility,memetic_algorithm,177.0,2.214745044708252
bottleneck,greedy_spt,331.0,0.036124467849731445
bottleneck,local_search,244.0,0.6698343753814697
bottleneck,simulated_annealing,260.0,1.2186095714569092
bottleneck,tabu_search,246.0,2.7860774993896484
bottleneck,genetic_algorithm,256.0,1.005157709121704
bottleneck,memetic_algorithm,263.0,2.132047653198242
balanced,greedy_spt,494.0,0.036559343338012695
balanced,local_search,339.0,0.7712051868438721
balanced,simulated_annealing,336.0,1.560814619064331
balanced,tabu_search,329.0,3.345045566558838
balanced,genetic_algorithm,351.0,1.167891025543213
balanced,memetic_algorithm,342.0,2.599407911300659
high_variance,greedy_spt,820.0,0.03215813636779785
high_variance,local_search,697.0,0.7249927520751953
high_variance,simulated_annealing,586.0,1.390467643737793
high_variance,tabu_search,607.0,3.024125099182129
high_variance,genetic_algorithm,680.0,1.0333452224731445
high_variance,memetic_algorithm,638.0,2.5099196434020996
machine_advantage,greedy_spt,326.0,0.030837535858154297
machine_advantage,local_search,229.0,0.6503469944000244
machine_advantage,simulated_annealing,226.0,1.211965560913086
machine_advantage,tabu_search,229.0,2.928898334503174
machine_advantage,genetic_algorithm,241.0,1.0536892414093018
machine_advantage,memetic_algorithm,229.0,2.1542513370513916
large,greedy_spt,339.0,0.03983306884765625
large,local_search,343.0,2.7122433185577393
large,simulated_annealing,323.0,5.070672512054443
large,tabu_search,323.0,10.436983823776245
large,genetic_algorithm,434.0,4.1595683097839355
large,memetic_algorithm,426.0,9.138233184814453
small,greedy_spt,83.0,0.032135009765625
small,local_search,83.0,0.25287318229675293
small,simulated_annealing,83.0,0.45654296875
small,tabu_search,83.0,0.9497058391571045
small,genetic_algorithm,83.0,0.3568694591522217
small,memetic_algorithm,83.0,0.7319278717041016
extreme,greedy_spt,1375.0,0.03631448745727539
extreme,local_search,1130.0,1.7773621082305908
extreme,simulated_annealing,1087.0,3.499004602432251
extreme,tabu_search,1087.0,7.0912511348724365
extreme,genetic_algorithm,1130.0,2.838165760040283
extreme,memetic_algorithm,1087.0,5.5323326587677
