instance,instance_type,purpose,algorithm,algorithm_seed,feasible,makespan,runtime_seconds,jobs,machines,operations,mean_flexibility,processing_time_min,processing_time_max,processing_time_mean,processing_time_stddev,bottleneck_machines,specialist_machines,lower_bound,lower_bound_gap_percent,critical_path_length,critical_path_operations,machine_utilization_mean_percent,machine_utilization_max_percent,convergence_trace,schedule_path,diagnostic
average,generated experiment instance,Normal expected behavior,greedy_spt,not applicable,True,242.000000,0.039238,15,5,83,0.460241,3.000000,30.000000,16.387435,7.928783,M_4,"M_4,M_5",104.000000,132.692308,242.000000,O_08_1 > O_02_2 > O_04_2 > O_03_2 > O_03_3 > O_02_4 > O_02_5 > O_12_3 > O_10_4 > O_10_5 > O_10_6 > O_10_7 > O_12_6 > O_14_7 > O_14_8 > O_07_7 > O_11_5 > O_11_6 > O_11_7 > O_05_6 > O_05_7,79.586777,90.909091,not instrumented by solver,results\part_d\average_greedy_spt.json,
average,generated experiment instance,Normal expected behavior,local_search,42 (fixed default),True,210.000000,0.640959,15,5,83,0.460241,3.000000,30.000000,16.387435,7.928783,M_4,"M_4,M_5",104.000000,101.923077,210.000000,O_14_1 > O_02_1 > O_12_1 > O_10_2 > O_15_1 > O_10_3 > O_13_5 > O_11_5 > O_15_4 > O_12_5 > O_14_8 > O_11_6 > O_04_3 > O_07_7,97.714286,100.000000,not instrumented by solver,results\part_d\average_local_search.json,
average,generated experiment instance,Normal expected behavior,simulated_annealing,42 (fixed default),True,203.000000,1.167044,15,5,83,0.460241,3.000000,30.000000,16.387435,7.928783,M_4,"M_4,M_5",104.000000,95.192308,203.000000,O_05_1 > O_05_2 > O_07_1 > O_04_2 > O_03_2 > O_12_2 > O_14_4 > O_02_2 > O_09_2 > O_14_6 > O_08_2 > O_09_3 > O_09_4 > O_05_7,98.029557,100.000000,not instrumented by solver,results\part_d\average_simulated_annealing.json,
average,generated experiment instance,Normal expected behavior,tabu_search,42 (fixed default),True,211.000000,2.794969,15,5,83,0.460241,3.000000,30.000000,16.387435,7.928783,M_4,"M_4,M_5",104.000000,102.884615,211.000000,O_05_1 > O_13_2 > O_13_3 > O_14_2 > O_14_3 > O_13_4 > O_07_2 > O_15_2 > O_14_5 > O_15_3 > O_05_4 > O_13_6 > O_05_5 > O_10_6 > O_10_7 > O_12_6 > O_13_8 > O_14_9 > O_13_9 > O_07_7,97.251185,100.000000,not instrumented by solver,results\part_d\average_tabu_search.json,
average,generated experiment instance,Normal expected behavior,genetic_algorithm,42 (fixed default),True,231.000000,1.086239,15,5,83,0.460241,3.000000,30.000000,16.387435,7.928783,M_4,"M_4,M_5",104.000000,122.115385,231.000000,O_11_1 > O_09_2 > O_07_2 > O_06_1 > O_03_3 > O_10_4 > O_10_5 > O_13_5 > O_11_4 > O_06_2 > O_07_6 > O_04_3 > O_02_5 > O_13_9,98.441558,100.000000,not instrumented by solver,results\part_d\average_genetic_algorithm.json,
average,generated experiment instance,Normal expected behavior,memetic_algorithm,42 (fixed default),True,222.000000,2.381551,15,5,83,0.460241,3.000000,30.000000,16.387435,7.928783,M_4,"M_4,M_5",104.000000,113.461538,222.000000,O_07_1 > O_07_2 > O_05_2 > O_07_3 > O_04_2 > O_08_1 > O_13_4 > O_14_4 > O_14_5 > O_03_3 > O_05_5 > O_14_7 > O_02_3 > O_13_8 > O_12_4 > O_12_5 > O_15_6,97.027027,99.549550,not instrumented by solver,results\part_d\average_memetic_algorithm.json,
balanced,generated experiment instance,Balanced workload distribution,greedy_spt,not applicable,True,494.000000,0.037412,15,5,92,0.356522,3.000000,50.000000,20.463415,12.399543,"M_4,M_1","M_4,M_2",275.000000,79.636364,494.000000,O_05_01 > O_01_01 > O_14_01 > O_10_01 > O_03_03 > O_03_04 > O_03_05 > O_09_01 > O_09_02 > O_09_03 > O_09_04 > O_08_03 > O_08_04 > O_08_05 > O_14_04 > O_14_05 > O_14_06 > O_14_07 > O_01_02 > O_10_08 > O_01_03 > O_07_01 > O_07_02 > O_07_03 > O_01_04 > O_07_05 > O_07_06 > O_07_07 > O_07_08,63.765182,82.186235,not instrumented by solver,results\part_d\balanced_greedy_spt.json,
balanced,generated experiment instance,Balanced workload distribution,local_search,42 (fixed default),True,339.000000,0.727935,15,5,92,0.356522,3.000000,50.000000,20.463415,12.399543,"M_4,M_1","M_4,M_2",275.000000,23.272727,339.000000,O_12_01 > O_11_01 > O_03_01 > O_13_01 > O_05_02 > O_08_05 > O_13_04 > O_14_05 > O_08_06 > O_02_05 > O_03_06 > O_07_07 > O_13_08,97.227139,100.000000,not instrumented by solver,results\part_d\balanced_local_search.json,
balanced,generated experiment instance,Balanced workload distribution,simulated_annealing,42 (fixed default),True,336.000000,1.315081,15,5,92,0.356522,3.000000,50.000000,20.463415,12.399543,"M_4,M_1","M_4,M_2",275.000000,22.181818,336.000000,O_08_01 > O_07_01 > O_08_04 > O_12_02 > O_04_01 > O_01_02 > O_10_04 > O_12_04 > O_14_06 > O_07_05 > O_10_08 > O_14_07 > O_01_04 > O_05_03,97.440476,100.000000,not instrumented by solver,results\part_d\balanced_simulated_annealing.json,
balanced,generated experiment instance,Balanced workload distribution,tabu_search,42 (fixed default),True,329.000000,3.290508,15,5,92,0.356522,3.000000,50.000000,20.463415,12.399543,"M_4,M_1","M_4,M_2",275.000000,19.636364,329.000000,O_14_01 > O_09_01 > O_09_02 > O_09_03 > O_10_01 > O_09_04 > O_09_05 > O_11_02 > O_03_03 > O_08_03 > O_08_04 > O_08_05 > O_08_06 > O_13_08 > O_07_07 > O_10_11,97.446809,99.392097,not instrumented by solver,results\part_d\balanced_tabu_search.json,
balanced,generated experiment instance,Balanced workload distribution,genetic_algorithm,42 (fixed default),True,351.000000,1.170256,15,5,92,0.356522,3.000000,50.000000,20.463415,12.399543,"M_4,M_1","M_4,M_2",275.000000,27.636364,351.000000,O_13_01 > O_11_01 > O_12_01 > O_04_01 > O_15_01 > O_13_04 > O_14_04 > O_14_05 > O_07_07 > O_02_04 > O_07_08 > O_08_05 > O_02_05 > O_13_08 > O_08_06,93.789174,100.000000,not instrumented by solver,results\part_d\balanced_genetic_algorithm.json,
balanced,generated experiment instance,Balanced workload distribution,memetic_algorithm,42 (fixed default),True,342.000000,2.453237,15,5,92,0.356522,3.000000,50.000000,20.463415,12.399543,"M_4,M_1","M_4,M_2",275.000000,24.363636,342.000000,O_07_01 > O_08_01 > O_12_02 > O_01_02 > O_10_04 > O_08_04 > O_07_05 > O_12_04 > O_01_04 > O_14_06 > O_10_08 > O_15_03 > O_14_07 > O_05_03 > O_04_01,95.730994,100.000000,not instrumented by solver,results\part_d\balanced_memetic_algorithm.json,
bottleneck,generated experiment instance,Generated machine-contention case,greedy_spt,not applicable,True,331.000000,0.036349,15,5,74,0.418919,2.000000,40.000000,18.574194,11.445212,M_4,,159.000000,108.176101,331.000000,O_09_01 > O_06_03 > O_12_02 > O_15_01 > O_15_02 > O_14_02 > O_14_03 > O_13_05 > O_14_04 > O_14_05 > O_14_06 > O_14_07 > O_02_04 > O_02_05 > O_02_06 > O_02_07 > O_02_08 > O_02_09 > O_02_10 > O_15_05 > O_15_06 > O_15_07 > O_15_08 > O_15_09 > O_15_10,62.296073,89.728097,not instrumented by solver,results\part_d\bottleneck_greedy_spt.json,
bottleneck,generated experiment instance,Generated machine-contention case,local_search,42 (fixed default),True,244.000000,0.704789,15,5,74,0.418919,2.000000,40.000000,18.574194,11.445212,M_4,,159.000000,53.459119,244.000000,O_14_01 > O_04_01 > O_04_02 > O_05_03 > O_08_05 > O_13_04 > O_12_04 > O_12_05 > O_03_01 > O_07_04 > O_03_02,96.147541,100.000000,not instrumented by solver,results\part_d\bottleneck_local_search.json,
bottleneck,generated experiment instance,Generated machine-contention case,simulated_annealing,42 (fixed default),True,260.000000,1.112982,15,5,74,0.418919,2.000000,40.000000,18.574194,11.445212,M_4,,159.000000,63.522013,260.000000,O_14_01 > O_14_02 > O_08_04 > O_09_01 > O_15_06 > O_11_01 > O_13_04 > O_07_05 > O_04_05,95.307692,100.000000,not instrumented by solver,results\part_d\bottleneck_simulated_annealing.json,
bottleneck,generated experiment instance,Generated machine-contention case,tabu_search,42 (fixed default),True,246.000000,2.752827,15,5,74,0.418919,2.000000,40.000000,18.574194,11.445212,M_4,,159.000000,54.716981,246.000000,O_14_01 > O_02_03 > O_03_01 > O_06_01 > O_13_02 > O_13_03 > O_01_03 > O_06_04 > O_04_04 > O_05_04 > O_12_07 > O_15_10,96.422764,100.000000,not instrumented by solver,results\part_d\bottleneck_tabu_search.json,
bottleneck,generated experiment instance,Generated machine-contention case,genetic_algorithm,42 (fixed default),True,256.000000,1.116248,15,5,74,0.418919,2.000000,40.000000,18.574194,11.445212,M_4,,159.000000,61.006289,256.000000,O_14_01 > O_14_02 > O_14_03 > O_14_04 > O_13_02 > O_04_03 > O_15_05 > O_05_02 > O_02_04 > O_14_07 > O_02_05 > O_02_06 > O_12_06 > O_07_03 > O_15_07 > O_04_05 > O_02_08 > O_08_06 > O_02_09 > O_02_10 > O_14_09 > O_15_09 > O_15_10,92.421875,98.828125,not instrumented by solver,results\part_d\bottleneck_genetic_algorithm.json,
bottleneck,generated experiment instance,Generated machine-contention case,memetic_algorithm,42 (fixed default),True,263.000000,2.100549,15,5,74,0.418919,2.000000,40.000000,18.574194,11.445212,M_4,,159.000000,65.408805,263.000000,O_15_01 > O_12_01 > O_09_01 > O_02_02 > O_05_01 > O_07_03 > O_07_04 > O_14_05 > O_10_01 > O_14_06 > O_03_02 > O_08_06 > O_08_07,96.425856,98.859316,not instrumented by solver,results\part_d\bottleneck_memetic_algorithm.json,
bottleneck_hand,hand-built edge case,Hand-built single-machine bottleneck,greedy_spt,not applicable,True,510.000000,0.042909,10,5,30,0.600000,5.000000,50.000000,10.000000,14.142136,,,500.000000,2.000000,510.000000,J_01_O_01 > J_01_O_02 > J_02_O_02 > J_03_O_02 > J_04_O_02 > J_05_O_02 > J_06_O_02 > J_07_O_02 > J_08_O_02 > J_09_O_02 > J_10_O_02 > J_10_O_03,23.529412,98.039216,not instrumented by solver,results\part_d\bottleneck_hand_greedy_spt.json,
bottleneck_hand,hand-built edge case,Hand-built single-machine bottleneck,local_search,42 (fixed default),True,510.000000,0.287183,10,5,30,0.600000,5.000000,50.000000,10.000000,14.142136,,,500.000000,2.000000,510.000000,J_10_O_01 > J_10_O_02 > J_02_O_02 > J_08_O_02 > J_03_O_02 > J_09_O_02 > J_06_O_02 > J_05_O_02 > J_04_O_02 > J_07_O_02 > J_01_O_02 > J_01_O_03,23.529412,98.039216,not instrumented by solver,results\part_d\bottleneck_hand_local_search.json,
bottleneck_hand,hand-built edge case,Hand-built single-machine bottleneck,simulated_annealing,42 (fixed default),True,510.000000,0.551843,10,5,30,0.600000,5.000000,50.000000,10.000000,14.142136,,,500.000000,2.000000,510.000000,J_07_O_01 > J_07_O_02 > J_02_O_02 > J_05_O_02 > J_06_O_02 > J_08_O_02 > J_04_O_02 > J_03_O_02 > J_09_O_02 > J_10_O_02 > J_01_O_02 > J_01_O_03,23.529412,98.039216,not instrumented by solver,results\part_d\bottleneck_hand_simulated_annealing.json,
bottleneck_hand,hand-built edge case,Hand-built single-machine bottleneck,tabu_search,42 (fixed default),True,510.000000,1.132391,10,5,30,0.600000,5.000000,50.000000,10.000000,14.142136,,,500.000000,2.000000,510.000000,J_02_O_01 > J_02_O_02 > J_08_O_02 > J_10_O_02 > J_09_O_02 > J_04_O_02 > J_03_O_02 > J_05_O_02 > J_01_O_02 > J_06_O_02 > J_07_O_02 > J_07_O_03,23.529412,98.039216,not instrumented by solver,results\part_d\bottleneck_hand_tabu_search.json,
bottleneck_hand,hand-built edge case,Hand-built single-machine bottleneck,genetic_algorithm,42 (fixed default),True,510.000000,0.445609,10,5,30,0.600000,5.000000,50.000000,10.000000,14.142136,,,500.000000,2.000000,510.000000,J_05_O_01 > J_05_O_02 > J_09_O_02 > J_04_O_02 > J_08_O_02 > J_01_O_02 > J_06_O_02 > J_07_O_02 > J_03_O_02 > J_10_O_02 > J_02_O_02 > J_02_O_03,23.529412,98.039216,not instrumented by solver,results\part_d\bottleneck_hand_genetic_algorithm.json,
bottleneck_hand,hand-built edge case,Hand-built single-machine bottleneck,memetic_algorithm,42 (fixed default),True,510.000000,0.984195,10,5,30,0.600000,5.000000,50.000000,10.000000,14.142136,,,500.000000,2.000000,510.000000,J_08_O_01 > J_08_O_02 > J_07_O_02 > J_10_O_02 > J_09_O_02 > J_02_O_02 > J_04_O_02 > J_03_O_02 > J_05_O_02 > J_06_O_02 > J_01_O_02 > J_01_O_03,23.529412,98.039216,not instrumented by solver,results\part_d\bottleneck_hand_memetic_algorithm.json,
extreme,generated experiment instance,Extreme generated processing-time and routing stress,greedy_spt,not applicable,True,1375.000000,0.036061,20,5,200,0.303000,1.000000,100.000000,20.871287,25.160211,"M_4,M_1,M_5","M_1,M_5",1087.000000,26.494940,1375.000000,O_15_01 > O_15_02 > O_15_03 > O_02_03 > O_07_02 > O_14_01 > O_10_02 > O_09_01 > O_13_01 > O_16_01 > O_02_06 > O_02_07 > O_02_08 > O_09_02 > O_13_03 > O_08_04 > O_08_05 > O_07_07 > O_09_04 > O_09_05 > O_09_06 > O_09_07 > O_11_09 > O_08_07 > O_11_11 > O_11_12 > O_13_05 > O_13_06 > O_13_07 > O_13_08 > O_10_05 > O_08_10 > O_12_07 > O_10_06 > O_10_07 > O_12_09 > O_12_10 > O_09_12 > O_09_13 > O_08_11 > O_08_12 > O_08_13 > O_08_14 > O_16_02 > O_16_03 > O_16_04 > O_16_05 > O_16_06 > O_16_07 > O_16_08 > O_12_15 > O_18_10 > O_20_07 > O_10_08 > O_03_01 > O_01_03 > O_03_05 > O_11_18 > O_12_16 > O_12_17,46.036364,88.800000,not instrumented by solver,results\part_d\extreme_greedy_spt.json,
extreme,generated experiment instance,Extreme generated processing-time and routing stress,local_search,42 (fixed default),True,1130.000000,1.525314,20,5,200,0.303000,1.000000,100.000000,20.871287,25.160211,"M_4,M_1,M_5","M_1,M_5",1087.000000,3.955842,1130.000000,O_03_01 > O_08_04 > O_16_02 > O_18_04 > O_11_05 > O_09_02 > O_13_03 > O_12_05 > O_16_06 > O_05_06 > O_18_10 > O_06_03 > O_13_04 > O_16_08 > O_12_10 > O_10_08 > O_03_05 > O_01_03 > O_08_12 > O_12_15 > O_12_16 > O_11_18 > O_09_12 > O_20_07 > O_08_14,62.070796,100.000000,not instrumented by solver,results\part_d\extreme_local_search.json,
extreme,generated experiment instance,Extreme generated processing-time and routing stress,simulated_annealing,42 (fixed default),True,1087.000000,2.956778,20,5,200,0.303000,1.000000,100.000000,20.871287,25.160211,"M_4,M_1,M_5","M_1,M_5",1087.000000,0.000000,1087.000000,O_03_01 > O_09_02 > O_16_02 > O_08_04 > O_12_05 > O_16_06 > O_11_05 > O_16_08 > O_03_05 > O_18_04 > O_10_08 > O_06_03 > O_12_10 > O_13_03 > O_05_06 > O_18_10 > O_13_04 > O_01_03 > O_11_18 > O_12_15 > O_20_07 > O_08_12 > O_12_16 > O_08_14,65.906164,100.000000,not instrumented by solver,results\part_d\extreme_simulated_annealing.json,
extreme,generated experiment instance,Extreme generated processing-time and routing stress,tabu_search,42 (fixed default),True,1087.000000,6.620623,20,5,200,0.303000,1.000000,100.000000,20.871287,25.160211,"M_4,M_1,M_5","M_1,M_5",1087.000000,0.000000,1087.000000,O_03_01 > O_16_02 > O_12_05 > O_09_02 > O_18_04 > O_11_05 > O_16_06 > O_13_03 > O_05_06 > O_13_04 > O_08_04 > O_16_08 > O_03_05 > O_12_10 > O_01_03 > O_18_10 > O_10_08 > O_12_15 > O_08_12 > O_11_18 > O_12_16 > O_06_03 > O_20_07 > O_08_14,66.715731,100.000000,not instrumented by solver,results\part_d\extreme_tabu_search.json,
extreme,generated experiment instance,Extreme generated processing-time and routing stress,genetic_algorithm,42 (fixed default),True,1130.000000,2.838816,20,5,200,0.303000,1.000000,100.000000,20.871287,25.160211,"M_4,M_1,M_5","M_1,M_5",1087.000000,3.955842,1130.000000,O_03_01 > O_16_02 > O_09_02 > O_12_05 > O_18_04 > O_16_06 > O_08_04 > O_05_06 > O_13_03 > O_11_05 > O_12_10 > O_16_08 > O_03_05 > O_13_04 > O_01_03 > O_18_10 > O_06_03 > O_10_08 > O_12_15 > O_12_16 > O_08_12 > O_09_12 > O_11_18 > O_08_14 > O_20_07,61.628319,100.000000,not instrumented by solver,results\part_d\extreme_genetic_algorithm.json,
extreme,generated experiment instance,Extreme generated processing-time and routing stress,memetic_algorithm,42 (fixed default),True,1087.000000,5.429799,20,5,200,0.303000,1.000000,100.000000,20.871287,25.160211,"M_4,M_1,M_5","M_1,M_5",1087.000000,0.000000,1087.000000,O_03_01 > O_09_02 > O_16_02 > O_12_05 > O_11_05 > O_16_06 > O_18_04 > O_16_08 > O_08_04 > O_03_05 > O_12_10 > O_05_06 > O_10_08 > O_13_03 > O_13_04 > O_01_03 > O_06_03 > O_18_10 > O_12_15 > O_12_16 > O_08_12 > O_11_18 > O_20_07 > O_08_14,67.028519,100.000000,not instrumented by solver,results\part_d\extreme_memetic_algorithm.json,
extreme_time_gaps,hand-built edge case,Hand-built 1 versus 10000 processing-time alternatives,greedy_spt,not applicable,True,9.000000,0.031639,3,2,9,1.000000,1.000000,10000.000000,5000.500000,4999.500000,,,3.000000,200.000000,9.000000,J_01_O_01 > J_01_O_02 > J_01_O_03 > J_02_O_01 > J_02_O_02 > J_02_O_03 > J_03_O_01 > J_03_O_02 > J_03_O_03,50.000000,100.000000,not instrumented by solver,results\part_d\extreme_time_gaps_greedy_spt.json,
extreme_time_gaps,hand-built edge case,Hand-built 1 versus 10000 processing-time alternatives,local_search,42 (fixed default),True,9.000000,0.122531,3,2,9,1.000000,1.000000,10000.000000,5000.500000,4999.500000,,,3.000000,200.000000,9.000000,J_02_O_01 > J_02_O_02 > J_01_O_01 > J_01_O_02 > J_03_O_01 > J_01_O_03 > J_03_O_02 > J_02_O_03 > J_03_O_03,50.000000,100.000000,not instrumented by solver,results\part_d\extreme_time_gaps_local_search.json,
extreme_time_gaps,hand-built edge case,Hand-built 1 versus 10000 processing-time alternatives,simulated_annealing,42 (fixed default),True,9.000000,0.199655,3,2,9,1.000000,1.000000,10000.000000,5000.500000,4999.500000,,,3.000000,200.000000,9.000000,J_02_O_01 > J_03_O_01 > J_02_O_02 > J_01_O_01 > J_01_O_02 > J_03_O_02 > J_03_O_03 > J_02_O_03 > J_01_O_03,50.000000,100.000000,not instrumented by solver,results\part_d\extreme_time_gaps_simulated_annealing.json,
extreme_time_gaps,hand-built edge case,Hand-built 1 versus 10000 processing-time alternatives,tabu_search,42 (fixed default),True,9.000000,0.413966,3,2,9,1.000000,1.000000,10000.000000,5000.500000,4999.500000,,,3.000000,200.000000,9.000000,J_02_O_01 > J_03_O_01 > J_01_O_01 > J_02_O_02 > J_03_O_02 > J_02_O_03 > J_01_O_02 > J_01_O_03 > J_03_O_03,50.000000,100.000000,not instrumented by solver,results\part_d\extreme_time_gaps_tabu_search.json,
extreme_time_gaps,hand-built edge case,Hand-built 1 versus 10000 processing-time alternatives,genetic_algorithm,42 (fixed default),True,9.000000,0.147793,3,2,9,1.000000,1.000000,10000.000000,5000.500000,4999.500000,,,3.000000,200.000000,9.000000,J_02_O_01 > J_01_O_01 > J_01_O_02 > J_01_O_03 > J_03_O_01 > J_03_O_02 > J_03_O_03 > J_02_O_02 > J_02_O_03,50.000000,100.000000,not instrumented by solver,results\part_d\extreme_time_gaps_genetic_algorithm.json,
extreme_time_gaps,hand-built edge case,Hand-built 1 versus 10000 processing-time alternatives,memetic_algorithm,42 (fixed default),True,9.000000,0.497468,3,2,9,1.000000,1.000000,10000.000000,5000.500000,4999.500000,,,3.000000,200.000000,9.000000,J_02_O_01 > J_02_O_02 > J_01_O_01 > J_02_O_03 > J_03_O_01 > J_03_O_02 > J_01_O_02 > J_01_O_03 > J_03_O_03,50.000000,100.000000,not instrumented by solver,results\part_d\extreme_time_gaps_memetic_algorithm.json,
high_flexibility,generated experiment instance,Routing-rich machine-selection decisions,greedy_spt,not applicable,True,176.000000,0.032438,15,5,75,0.834667,2.000000,30.000000,16.338658,8.623858,M_4,"M_4,M_5",102.000000,72.549020,176.000000,O_14_01 > O_04_02 > O_09_02 > O_09_03 > O_11_04 > O_07_02 > O_13_01 > O_13_02 > O_12_04 > O_12_05 > O_12_06 > O_07_05 > O_14_06 > O_10_06 > O_10_07 > O_10_08 > O_13_07 > O_13_08 > O_14_09 > O_14_10 > O_10_10 > O_07_08 > O_07_09 > O_07_10,74.659091,86.931818,not instrumented by solver,results\part_d\high_flexibility_greedy_spt.json,
high_flexibility,generated experiment instance,Routing-rich machine-selection decisions,local_search,42 (fixed default),True,159.000000,0.622810,15,5,75,0.834667,2.000000,30.000000,16.338658,8.623858,M_4,"M_4,M_5",102.000000,55.882353,159.000000,O_10_01 > O_04_01 > O_09_02 > O_12_03 > O_10_04 > O_12_04 > O_13_05 > O_07_06 > O_14_07 > O_14_08 > O_10_07 > O_10_08 > O_10_09 > O_10_10,94.591195,99.371069,not instrumented by solver,results\part_d\high_flexibility_local_search.json,
high_flexibility,generated experiment instance,Routing-rich machine-selection decisions,simulated_annealing,42 (fixed default),True,160.000000,1.207716,15,5,75,0.834667,2.000000,30.000000,16.338658,8.623858,M_4,"M_4,M_5",102.000000,56.862745,160.000000,O_02_01 > O_07_01 > O_10_02 > O_13_02 > O_11_01 > O_14_02 > O_14_03 > O_14_04 > O_07_05 > O_02_03 > O_02_04 > O_02_05 > O_06_04 > O_15_03 > O_07_10,95.000000,99.375000,not instrumented by solver,results\part_d\high_flexibility_simulated_annealing.json,
high_flexibility,generated experiment instance,Routing-rich machine-selection decisions,tabu_search,42 (fixed default),True,147.000000,2.733233,15,5,75,0.834667,2.000000,30.000000,16.338658,8.623858,M_4,"M_4,M_5",102.000000,44.117647,147.000000,O_06_01 > O_02_01 > O_14_02 > O_03_01 > O_10_02 > O_10_03 > O_04_04 > O_06_02 > O_13_04 > O_13_05 > O_13_06 > O_13_07 > O_13_08 > O_15_01 > O_09_03 > O_07_07 > O_10_08 > O_07_08 > O_07_09 > O_14_09 > O_10_10 > O_14_10,94.421769,98.639456,not instrumented by solver,results\part_d\high_flexibility_tabu_search.json,
high_flexibility,generated experiment instance,Routing-rich machine-selection decisions,genetic_algorithm,42 (fixed default),True,191.000000,1.065442,15,5,75,0.834667,2.000000,30.000000,16.338658,8.623858,M_4,"M_4,M_5",102.000000,87.254902,191.000000,O_12_01 > O_14_02 > O_07_01 > O_07_02 > O_07_03 > O_10_04 > O_09_01 > O_13_05 > O_11_03 > O_13_06 > O_12_04 > O_12_05 > O_13_09 > O_13_10 > O_02_05,90.680628,97.905759,not instrumented by solver,results\part_d\high_flexibility_genetic_algorithm.json,
high_flexibility,generated experiment instance,Routing-rich machine-selection decisions,memetic_algorithm,42 (fixed default),True,177.000000,2.225434,15,5,75,0.834667,2.000000,30.000000,16.338658,8.623858,M_4,"M_4,M_5",102.000000,73.529412,177.000000,O_13_01 > O_04_01 > O_07_03 > O_07_04 > O_02_03 > O_13_04 > O_13_05 > O_14_05 > O_09_01 > O_07_07 > O_14_07 > O_14_08 > O_14_09 > O_14_10,92.090395,99.435028,not instrumented by solver,results\part_d\high_flexibility_memetic_algorithm.json,
high_variance,generated experiment instance,Wide processing-time variation,greedy_spt,not applicable,True,820.000000,0.034786,15,5,83,0.460241,3.000000,100.000000,52.732984,33.290989,M_4,"M_4,M_5",336.000000,144.047619,820.000000,O_04_1 > O_04_2 > O_15_1 > O_15_2 > O_13_2 > O_13_3 > O_06_1 > O_14_2 > O_14_3 > O_14_4 > O_07_5 > O_15_3 > O_06_3 > O_14_6 > O_14_7 > O_14_8 > O_11_5 > O_11_6 > O_11_7 > O_13_7 > O_13_8 > O_13_9 > O_05_5 > O_05_6 > O_05_7,64.512195,70.487805,not instrumented by solver,results\part_d\high_variance_greedy_spt.json,
high_variance,generated experiment instance,Wide processing-time variation,local_search,42 (fixed default),True,697.000000,0.618459,15,5,83,0.460241,3.000000,100.000000,52.732984,33.290989,M_4,"M_4,M_5",336.000000,107.440476,697.000000,O_12_1 > O_13_1 > O_14_2 > O_14_3 > O_07_2 > O_13_3 > O_10_1 > O_14_5 > O_15_2 > O_15_3 > O_14_7 > O_05_5 > O_07_7 > O_11_5 > O_13_8 > O_10_7 > O_14_9 > O_11_6 > O_12_6,98.192253,100.000000,not instrumented by solver,results\part_d\high_variance_local_search.json,
high_variance,generated experiment instance,Wide processing-time variation,simulated_annealing,42 (fixed default),True,586.000000,1.228205,15,5,83,0.460241,3.000000,100.000000,52.732984,33.290989,M_4,"M_4,M_5",336.000000,74.404762,586.000000,O_06_1 > O_14_2 > O_15_2 > O_14_3 > O_12_1 > O_07_2 > O_13_1 > O_13_2 > O_05_4 > O_13_3 > O_14_5 > O_05_5 > O_12_4 > O_13_6 > O_14_7 > O_15_6 > O_10_7 > O_12_6 > O_13_8 > O_13_9 > O_14_9,98.020478,100.000000,not instrumented by solver,results\part_d\high_variance_simulated_annealing.json,
high_variance,generated experiment instance,Wide processing-time variation,tabu_search,42 (fixed default),True,607.000000,3.045876,15,5,83,0.460241,3.000000,100.000000,52.732984,33.290989,M_4,"M_4,M_5",336.000000,80.654762,607.000000,O_13_1 > O_12_1 > O_06_1 > O_14_2 > O_14_3 > O_15_2 > O_08_2 > O_15_3 > O_14_5 > O_12_4 > O_13_6 > O_05_5 > O_10_7 > O_13_8 > O_13_9 > O_14_7 > O_14_8 > O_07_7 > O_09_5,93.607908,99.505766,not instrumented by solver,results\part_d\high_variance_tabu_search.json,
high_variance,generated experiment instance,Wide processing-time variation,genetic_algorithm,42 (fixed default),True,680.000000,1.032431,15,5,83,0.460241,3.000000,100.000000,52.732984,33.290989,M_4,"M_4,M_5",336.000000,102.380952,680.000000,O_14_1 > O_14_2 > O_14_3 > O_14_4 > O_09_3 > O_14_6 > O_15_5 > O_07_3 > O_13_7 > O_07_4 > O_07_5 > O_02_3 > O_06_2 > O_05_6 > O_06_3 > O_11_7,96.823529,98.676471,not instrumented by solver,results\part_d\high_variance_genetic_algorithm.json,
high_variance,generated experiment instance,Wide processing-time variation,memetic_algorithm,42 (fixed default),True,638.000000,2.334097,15,5,83,0.460241,3.000000,100.000000,52.732984,33.290989,M_4,"M_4,M_5",336.000000,89.880952,638.000000,O_07_1 > O_05_2 > O_02_2 > O_03_2 > O_12_2 > O_05_3 > O_06_3 > O_04_2 > O_14_6 > O_08_2 > O_13_7 > O_13_8 > O_14_9 > O_13_9 > O_12_6,93.981191,99.529781,not instrumented by solver,results\part_d\high_variance_memetic_algorithm.json,
identical_processing_times,hand-built edge case,Tie-heavy symmetric routing,greedy_spt,not applicable,True,40.000000,0.032362,5,5,20,1.000000,10.000000,10.000000,10.000000,0.000000,,,40.000000,0.000000,40.000000,J_01_O_01 > J_01_O_02 > J_01_O_03 > J_01_O_04,100.000000,100.000000,not instrumented by solver,results\part_d\identical_processing_times_greedy_spt.json,
identical_processing_times,hand-built edge case,Tie-heavy symmetric routing,local_search,42 (fixed default),True,40.000000,0.242063,5,5,20,1.000000,10.000000,10.000000,10.000000,0.000000,,,40.000000,0.000000,40.000000,J_01_O_01 > J_01_O_02 > J_01_O_03 > J_01_O_04,100.000000,100.000000,not instrumented by solver,results\part_d\identical_processing_times_local_search.json,
identical_processing_times,hand-built edge case,Tie-heavy symmetric routing,simulated_annealing,42 (fixed default),True,40.000000,0.448039,5,5,20,1.000000,10.000000,10.000000,10.000000,0.000000,,,40.000000,0.000000,40.000000,J_04_O_01 > J_04_O_02 > J_04_O_03 > J_01_O_04,100.000000,100.000000,not instrumented by solver,results\part_d\identical_processing_times_simulated_annealing.json,
identical_processing_times,hand-built edge case,Tie-heavy symmetric routing,tabu_search,42 (fixed default),True,40.000000,1.075012,5,5,20,1.000000,10.000000,10.000000,10.000000,0.000000,,,40.000000,0.000000,40.000000,J_03_O_01 > J_03_O_02 > J_03_O_03 > J_01_O_04,100.000000,100.000000,not instrumented by solver,results\part_d\identical_processing_times_tabu_search.json,
identical_processing_times,hand-built edge case,Tie-heavy symmetric routing,genetic_algorithm,42 (fixed default),True,40.000000,0.349896,5,5,20,1.000000,10.000000,10.000000,10.000000,0.000000,,,40.000000,0.000000,40.000000,J_05_O_01 > J_04_O_02 > J_04_O_03 > J_01_O_04,100.000000,100.000000,not instrumented by solver,results\part_d\identical_processing_times_genetic_algorithm.json,
identical_processing_times,hand-built edge case,Tie-heavy symmetric routing,memetic_algorithm,42 (fixed default),True,40.000000,0.813234,5,5,20,1.000000,10.000000,10.000000,10.000000,0.000000,,,40.000000,0.000000,40.000000,J_04_O_01 > J_01_O_02 > J_03_O_03 > J_01_O_04,100.000000,100.000000,not instrumented by solver,results\part_d\identical_processing_times_memetic_algorithm.json,
large,generated experiment instance,Scale stress,greedy_spt,not applicable,True,339.000000,0.043356,50,10,242,0.446694,2.000000,30.000000,17.133210,7.818644,M_08,"M_07,M_08,M_04",110.000000,208.181818,339.000000,O_02_01 > O_15_01 > O_33_01 > O_31_03 > O_25_01 > O_32_01 > O_04_01 > O_34_01 > O_37_02 > O_50_02 > O_20_02 > O_44_01 > O_44_02 > O_44_03 > O_17_01 > O_17_02 > O_45_04 > O_33_04 > O_33_05 > O_33_06 > O_33_07 > O_01_01 > O_01_02 > O_01_03 > O_01_04 > O_01_05 > O_01_06 > O_01_07 > O_01_08 > O_01_09 > O_01_10,70.471976,84.070796,not instrumented by solver,results\part_d\large_greedy_spt.json,
large,generated experiment instance,Scale stress,local_search,42 (fixed default),True,343.000000,1.905812,50,10,242,0.446694,2.000000,30.000000,17.133210,7.818644,M_08,"M_07,M_08,M_04",110.000000,211.818182,343.000000,O_27_01 > O_35_01 > O_05_01 > O_27_03 > O_30_04 > O_33_04 > O_43_05 > O_01_03 > O_28_01 > O_01_04 > O_01_05 > O_04_07 > O_24_04 > O_34_05 > O_01_06 > O_11_03 > O_23_04 > O_15_03 > O_39_03 > O_01_08 > O_46_06 > O_03_05 > O_14_06 > O_23_06,93.527697,99.708455,not instrumented by solver,results\part_d\large_local_search.json,
large,generated experiment instance,Scale stress,simulated_annealing,42 (fixed default),True,323.000000,3.831360,50,10,242,0.446694,2.000000,30.000000,17.133210,7.818644,M_08,"M_07,M_08,M_04",110.000000,193.636364,323.000000,O_25_01 > O_23_01 > O_45_01 > O_02_01 > O_43_02 > O_03_01 > O_10_01 > O_33_02 > O_06_02 > O_08_01 > O_50_03 > O_33_05 > O_30_05 > O_03_03 > O_44_02 > O_06_03 > O_34_03 > O_09_03 > O_37_03 > O_43_08 > O_36_03 > O_01_09 > O_12_04 > O_06_05 > O_20_04,96.904025,100.000000,not instrumented by solver,results\part_d\large_simulated_annealing.json,
large,generated experiment instance,Scale stress,tabu_search,42 (fixed default),True,323.000000,8.781932,50,10,242,0.446694,2.000000,30.000000,17.133210,7.818644,M_08,"M_07,M_08,M_04",110.000000,193.636364,323.000000,O_17_01 > O_26_01 > O_33_02 > O_24_01 > O_43_01 > O_30_03 > O_40_03 > O_44_02 > O_03_02 > O_44_03 > O_45_06 > O_27_03 > O_27_04 > O_27_05 > O_34_04 > O_38_05 > O_19_05 > O_11_02 > O_01_07 > O_03_04 > O_03_05 > O_11_03 > O_40_06 > O_44_06 > O_14_06,95.170279,99.690402,not instrumented by solver,results\part_d\large_tabu_search.json,
large,generated experiment instance,Scale stress,genetic_algorithm,42 (fixed default),True,434.000000,3.819780,50,10,242,0.446694,2.000000,30.000000,17.133210,7.818644,M_08,"M_07,M_08,M_04",110.000000,294.545455,434.000000,O_48_01 > O_30_01 > O_16_02 > O_46_01 > O_46_02 > O_46_03 > O_01_03 > O_43_03 > O_44_04 > O_33_03 > O_45_04 > O_06_03 > O_10_01 > O_21_01 > O_38_04 > O_34_06 > O_34_07 > O_29_07 > O_27_08 > O_33_07 > O_39_03 > O_41_01 > O_01_10 > O_19_07 > O_11_04 > O_37_06,86.451613,99.078341,not instrumented by solver,results\part_d\large_genetic_algorithm.json,
large,generated experiment instance,Scale stress,memetic_algorithm,42 (fixed default),True,426.000000,7.302228,50,10,242,0.446694,2.000000,30.000000,17.133210,7.818644,M_08,"M_07,M_08,M_04",110.000000,287.272727,426.000000,O_27_01 > O_04_01 > O_32_01 > O_37_01 > O_29_02 > O_29_03 > O_43_03 > O_50_01 > O_32_04 > O_27_03 > O_49_01 > O_46_02 > O_37_03 > O_32_06 > O_39_02 > O_12_02 > O_01_05 > O_27_05 > O_19_06 > O_27_06 > O_50_03 > O_45_07 > O_40_06 > O_50_04 > O_29_06 > O_46_05 > O_46_06 > O_16_02 > O_32_10 > O_09_03 > O_16_03,87.816901,98.122066,not instrumented by solver,results\part_d\large_memetic_algorithm.json,
long_critical_chains,hand-built edge case,Long precedence chains,greedy_spt,not applicable,True,100.000000,0.033939,2,5,40,1.000000,5.000000,5.000000,5.000000,0.000000,,,100.000000,0.000000,100.000000,J_01_O_01 > J_01_O_02 > J_01_O_03 > J_01_O_04 > J_01_O_05 > J_01_O_06 > J_01_O_07 > J_01_O_08 > J_01_O_09 > J_01_O_10 > J_01_O_11 > J_01_O_12 > J_01_O_13 > J_01_O_14 > J_01_O_15 > J_01_O_16 > J_01_O_17 > J_01_O_18 > J_01_O_19 > J_01_O_20,40.000000,100.000000,not instrumented by solver,results\part_d\long_critical_chains_greedy_spt.json,
long_critical_chains,hand-built edge case,Long precedence chains,local_search,42 (fixed default),True,100.000000,0.329561,2,5,40,1.000000,5.000000,5.000000,5.000000,0.000000,,,100.000000,0.000000,100.000000,J_02_O_01 > J_02_O_02 > J_02_O_03 > J_01_O_04 > J_01_O_05 > J_01_O_06 > J_01_O_07 > J_01_O_08 > J_01_O_09 > J_01_O_10 > J_01_O_11 > J_01_O_12 > J_01_O_13 > J_01_O_14 > J_01_O_15 > J_01_O_16 > J_01_O_17 > J_01_O_18 > J_01_O_19 > J_01_O_20,40.000000,60.000000,not instrumented by solver,results\part_d\long_critical_chains_local_search.json,
long_critical_chains,hand-built edge case,Long precedence chains,simulated_annealing,42 (fixed default),True,100.000000,0.659998,2,5,40,1.000000,5.000000,5.000000,5.000000,0.000000,,,100.000000,0.000000,100.000000,J_01_O_01 > J_01_O_02 > J_01_O_03 > J_01_O_04 > J_01_O_05 > J_01_O_06 > J_01_O_07 > J_01_O_08 > J_01_O_09 > J_01_O_10 > J_01_O_11 > J_01_O_12 > J_01_O_13 > J_01_O_14 > J_01_O_15 > J_01_O_16 > J_01_O_17 > J_01_O_18 > J_01_O_19 > J_01_O_20,40.000000,55.000000,not instrumented by solver,results\part_d\long_critical_chains_simulated_annealing.json,
long_critical_chains,hand-built edge case,Long precedence chains,tabu_search,42 (fixed default),True,100.000000,1.422381,2,5,40,1.000000,5.000000,5.000000,5.000000,0.000000,,,100.000000,0.000000,100.000000,J_01_O_01 > J_01_O_02 > J_01_O_03 > J_01_O_04 > J_01_O_05 > J_01_O_06 > J_01_O_07 > J_01_O_08 > J_01_O_09 > J_01_O_10 > J_01_O_11 > J_01_O_12 > J_01_O_13 > J_01_O_14 > J_01_O_15 > J_01_O_16 > J_01_O_17 > J_01_O_18 > J_01_O_19 > J_01_O_20,40.000000,50.000000,not instrumented by solver,results\part_d\long_critical_chains_tabu_search.json,
long_critical_chains,hand-built edge case,Long precedence chains,genetic_algorithm,42 (fixed default),True,100.000000,0.443169,2,5,40,1.000000,5.000000,5.000000,5.000000,0.000000,,,100.000000,0.000000,100.000000,J_01_O_01 > J_01_O_02 > J_01_O_03 > J_01_O_04 > J_02_O_05 > J_02_O_06 > J_01_O_07 > J_01_O_08 > J_01_O_09 > J_01_O_10 > J_01_O_11 > J_01_O_12 > J_01_O_13 > J_01_O_14 > J_01_O_15 > J_01_O_16 > J_01_O_17 > J_01_O_18 > J_01_O_19 > J_01_O_20,40.000000,50.000000,not instrumented by solver,results\part_d\long_critical_chains_genetic_algorithm.json,
long_critical_chains,hand-built edge case,Long precedence chains,memetic_algorithm,42 (fixed default),True,100.000000,1.083000,2,5,40,1.000000,5.000000,5.000000,5.000000,0.000000,,,100.000000,0.000000,100.000000,J_01_O_01 > J_01_O_02 > J_02_O_03 > J_02_O_04 > J_02_O_05 > J_02_O_06 > J_02_O_07 > J_02_O_08 > J_02_O_09 > J_01_O_10 > J_01_O_11 > J_01_O_12 > J_01_O_13 > J_01_O_14 > J_01_O_15 > J_01_O_16 > J_01_O_17 > J_01_O_18 > J_01_O_19 > J_01_O_20,40.000000,55.000000,not instrumented by solver,results\part_d\long_critical_chains_memetic_algorithm.json,
low_flexibility,generated experiment instance,Constrained routing,greedy_spt,not applicable,True,499.000000,0.039662,15,5,81,0.202469,4.000000,30.000000,15.756098,7.430263,M_4,,419.000000,19.093079,499.000000,O_03_01 > O_14_02 > O_03_02 > O_06_02 > O_08_02 > O_07_02 > O_07_03 > O_04_01 > O_12_03 > O_01_03 > O_06_06 > O_04_05 > O_06_07 > O_14_04 > O_04_08 > O_04_09 > O_04_10 > O_12_05 > O_14_07 > O_14_08 > O_10_01 > O_10_02 > O_02_01 > O_09_02 > O_09_03 > O_09_04 > O_09_05 > O_13_04 > O_13_05 > O_13_06 > O_13_07,50.981964,83.967936,not instrumented by solver,results\part_d\low_flexibility_greedy_spt.json,
low_flexibility,generated experiment instance,Constrained routing,local_search,42 (fixed default),True,419.000000,0.625074,15,5,81,0.202469,4.000000,30.000000,15.756098,7.430263,M_4,,419.000000,0.000000,419.000000,O_04_01 > O_15_01 > O_13_01 > O_01_01 > O_09_01 > O_09_02 > O_07_03 > O_13_02 > O_02_01 > O_14_04 > O_11_01 > O_12_03 > O_10_01 > O_14_06 > O_14_07 > O_04_05 > O_13_03 > O_14_08 > O_12_05 > O_06_06 > O_10_02 > O_01_03 > O_04_08 > O_06_07 > O_02_05 > O_04_10,60.954654,100.000000,not instrumented by solver,results\part_d\low_flexibility_local_search.json,
low_flexibility,generated experiment instance,Constrained routing,simulated_annealing,42 (fixed default),True,419.000000,1.177318,15,5,81,0.202469,4.000000,30.000000,15.756098,7.430263,M_4,,419.000000,0.000000,419.000000,O_04_01 > O_11_01 > O_01_01 > O_09_01 > O_02_01 > O_13_01 > O_15_01 > O_13_02 > O_13_03 > O_09_02 > O_07_03 > O_10_01 > O_12_03 > O_10_02 > O_06_06 > O_14_04 > O_12_05 > O_04_05 > O_14_06 > O_14_07 > O_04_08 > O_06_07 > O_14_08 > O_01_03 > O_02_05 > O_04_10,60.715990,100.000000,not instrumented by solver,results\part_d\low_flexibility_simulated_annealing.json,
low_flexibility,generated experiment instance,Constrained routing,tabu_search,42 (fixed default),True,419.000000,2.826194,15,5,81,0.202469,4.000000,30.000000,15.756098,7.430263,M_4,,419.000000,0.000000,419.000000,O_04_01 > O_13_01 > O_01_01 > O_13_02 > O_02_01 > O_13_03 > O_15_01 > O_09_01 > O_12_03 > O_09_02 > O_10_01 > O_04_05 > O_14_04 > O_11_01 > O_07_03 > O_04_08 > O_01_03 > O_12_05 > O_10_02 > O_14_06 > O_14_07 > O_02_05 > O_06_06 > O_14_08 > O_06_07 > O_04_10,60.954654,100.000000,not instrumented by solver,results\part_d\low_flexibility_tabu_search.json,
low_flexibility,generated experiment instance,Constrained routing,genetic_algorithm,42 (fixed default),True,419.000000,1.103341,15,5,81,0.202469,4.000000,30.000000,15.756098,7.430263,M_4,,419.000000,0.000000,419.000000,O_02_01 > O_04_01 > O_09_01 > O_15_01 > O_09_02 > O_13_01 > O_12_03 > O_04_05 > O_13_02 > O_11_01 > O_13_03 > O_14_04 > O_07_03 > O_01_01 > O_10_01 > O_12_05 > O_14_06 > O_10_02 > O_14_07 > O_04_08 > O_14_08 > O_01_03 > O_06_06 > O_04_10 > O_06_07 > O_02_05,60.954654,100.000000,not instrumented by solver,results\part_d\low_flexibility_genetic_algorithm.json,
low_flexibility,generated experiment instance,Constrained routing,memetic_algorithm,42 (fixed default),True,419.000000,2.211097,15,5,81,0.202469,4.000000,30.000000,15.756098,7.430263,M_4,,419.000000,0.000000,419.000000,O_09_01 > O_13_01 > O_11_01 > O_02_01 > O_13_02 > O_14_04 > O_09_02 > O_12_03 > O_04_01 > O_04_02 > O_04_03 > O_09_03 > O_13_04 > O_01_02 > O_09_05 > O_04_06 > O_11_04 > O_11_05 > O_04_07 > O_15_02 > O_07_05 > O_12_07 > O_07_07,60.954654,100.000000,not instrumented by solver,results\part_d\low_flexibility_memetic_algorithm.json,
machine_advantage,generated experiment instance,Generated specialist advantage,greedy_spt,not applicable,True,326.000000,0.035546,15,5,73,0.452055,2.000000,40.000000,19.957576,12.410334,,"M_4,M_1",226.000000,44.247788,326.000000,O_12_01 > O_12_02 > O_04_01 > O_08_03 > O_13_02 > O_11_01 > O_06_05 > O_13_04 > O_11_02 > O_11_03 > O_11_04 > O_11_05 > O_11_06 > O_14_02 > O_03_03 > O_14_03 > O_14_04 > O_14_05 > O_14_06 > O_14_07 > O_14_08 > O_14_09 > O_14_10,56.748466,68.098160,not instrumented by solver,results\part_d\machine_advantage_greedy_spt.json,
machine_advantage,generated experiment instance,Generated specialist advantage,local_search,42 (fixed default),True,229.000000,0.651948,15,5,73,0.452055,2.000000,40.000000,19.957576,12.410334,,"M_4,M_1",226.000000,1.327434,229.000000,O_14_01 > O_14_02 > O_14_03 > O_14_04 > O_14_05 > O_14_06 > O_14_07 > O_14_08 > O_14_09 > O_14_10,90.131004,94.759825,not instrumented by solver,results\part_d\machine_advantage_local_search.json,
machine_advantage,generated experiment instance,Generated specialist advantage,simulated_annealing,42 (fixed default),True,226.000000,1.108441,15,5,73,0.452055,2.000000,40.000000,19.957576,12.410334,,"M_4,M_1",226.000000,0.000000,226.000000,O_14_01 > O_14_02 > O_14_03 > O_14_04 > O_14_05 > O_14_06 > O_14_07 > O_14_08 > O_14_09 > O_14_10,89.823009,96.902655,not instrumented by solver,results\part_d\machine_advantage_simulated_annealing.json,
machine_advantage,generated experiment instance,Generated specialist advantage,tabu_search,42 (fixed default),True,229.000000,2.695072,15,5,73,0.452055,2.000000,40.000000,19.957576,12.410334,,"M_4,M_1",226.000000,1.327434,229.000000,O_14_01 > O_14_02 > O_14_03 > O_14_04 > O_14_05 > O_14_06 > O_14_07 > O_14_08 > O_14_09 > O_14_10,90.305677,96.943231,not instrumented by solver,results\part_d\machine_advantage_tabu_search.json,
machine_advantage,generated experiment instance,Generated specialist advantage,genetic_algorithm,42 (fixed default),True,241.000000,0.893821,15,5,73,0.452055,2.000000,40.000000,19.957576,12.410334,,"M_4,M_1",226.000000,6.637168,241.000000,O_14_01 > O_14_02 > O_14_03 > O_14_04 > O_14_05 > O_06_04 > O_14_06 > O_02_03 > O_03_04 > O_11_07 > O_13_05 > O_12_03 > O_03_05 > O_11_08,88.879668,98.340249,not instrumented by solver,results\part_d\machine_advantage_genetic_algorithm.json,
machine_advantage,generated experiment instance,Generated specialist advantage,memetic_algorithm,42 (fixed default),True,229.000000,1.804502,15,5,73,0.452055,2.000000,40.000000,19.957576,12.410334,,"M_4,M_1",226.000000,1.327434,229.000000,O_14_01 > O_14_02 > O_14_03 > O_14_04 > O_14_05 > O_14_06 > O_14_07 > O_14_08 > O_14_09 > O_14_10,87.947598,92.139738,not instrumented by solver,results\part_d\machine_advantage_memetic_algorithm.json,
machine_advantage_hand,hand-built edge case,Hand-built disjoint machine specialization,greedy_spt,not applicable,True,3.000000,0.033191,2,2,6,1.000000,1.000000,100.000000,50.500000,49.500000,,,3.000000,0.000000,3.000000,J_01_O_01 > J_01_O_02 > J_01_O_03,100.000000,100.000000,not instrumented by solver,results\part_d\machine_advantage_hand_greedy_spt.json,
machine_advantage_hand,hand-built edge case,Hand-built disjoint machine specialization,local_search,42 (fixed default),True,3.000000,0.073672,2,2,6,1.000000,1.000000,100.000000,50.500000,49.500000,,,3.000000,0.000000,3.000000,J_01_O_01 > J_01_O_02 > J_01_O_03,100.000000,100.000000,not instrumented by solver,results\part_d\machine_advantage_hand_local_search.json,
machine_advantage_hand,hand-built edge case,Hand-built disjoint machine specialization,simulated_annealing,42 (fixed default),True,3.000000,0.137766,2,2,6,1.000000,1.000000,100.000000,50.500000,49.500000,,,3.000000,0.000000,3.000000,J_01_O_01 > J_01_O_02 > J_01_O_03,100.000000,100.000000,not instrumented by solver,results\part_d\machine_advantage_hand_simulated_annealing.json,
machine_advantage_hand,hand-built edge case,Hand-built disjoint machine specialization,tabu_search,42 (fixed default),True,3.000000,0.224512,2,2,6,1.000000,1.000000,100.000000,50.500000,49.500000,,,3.000000,0.000000,3.000000,J_01_O_01 > J_01_O_02 > J_01_O_03,100.000000,100.000000,not instrumented by solver,results\part_d\machine_advantage_hand_tabu_search.json,
machine_advantage_hand,hand-built edge case,Hand-built disjoint machine specialization,genetic_algorithm,42 (fixed default),True,3.000000,0.086872,2,2,6,1.000000,1.000000,100.000000,50.500000,49.500000,,,3.000000,0.000000,3.000000,J_01_O_01 > J_01_O_02 > J_01_O_03,100.000000,100.000000,not instrumented by solver,results\part_d\machine_advantage_hand_genetic_algorithm.json,
machine_advantage_hand,hand-built edge case,Hand-built disjoint machine specialization,memetic_algorithm,42 (fixed default),True,3.000000,0.168366,2,2,6,1.000000,1.000000,100.000000,50.500000,49.500000,,,3.000000,0.000000,3.000000,J_01_O_01 > J_01_O_02 > J_01_O_03,100.000000,100.000000,not instrumented by solver,results\part_d\machine_advantage_hand_memetic_algorithm.json,
many_very_short_operations,hand-built edge case,Many short operations and high sequencing density,greedy_spt,not applicable,True,50.000000,0.028553,3,3,150,1.000000,1.000000,1.000000,1.000000,0.000000,,,50.000000,0.000000,50.000000,J_01_O_01 > J_01_O_02 > J_01_O_03 > J_01_O_04 > J_01_O_05 > J_01_O_06 > J_01_O_07 > J_01_O_08 > J_01_O_09 > J_01_O_10 > J_01_O_11 > J_01_O_12 > J_01_O_13 > J_01_O_14 > J_01_O_15 > J_01_O_16 > J_01_O_17 > J_01_O_18 > J_01_O_19 > J_01_O_20 > J_01_O_21 > J_01_O_22 > J_01_O_23 > J_01_O_24 > J_01_O_25 > J_01_O_26 > J_01_O_27 > J_01_O_28 > J_01_O_29 > J_01_O_30 > J_01_O_31 > J_01_O_32 > J_01_O_33 > J_01_O_34 > J_01_O_35 > J_01_O_36 > J_01_O_37 > J_01_O_38 > J_01_O_39 > J_01_O_40 > J_01_O_41 > J_01_O_42 > J_01_O_43 > J_01_O_44 > J_01_O_45 > J_01_O_46 > J_01_O_47 > J_01_O_48 > J_01_O_49 > J_01_O_50,100.000000,100.000000,not instrumented by solver,results\part_d\many_very_short_operations_greedy_spt.json,
many_very_short_operations,hand-built edge case,Many short operations and high sequencing density,local_search,42 (fixed default),True,58.000000,0.690069,3,3,150,1.000000,1.000000,1.000000,1.000000,0.000000,,,50.000000,16.000000,58.000000,J_03_O_01 > J_03_O_02 > J_02_O_03 > J_02_O_04 > J_01_O_04 > J_01_O_05 > J_03_O_07 > J_02_O_08 > J_01_O_07 > J_01_O_08 > J_03_O_11 > J_03_O_12 > J_01_O_10 > J_01_O_11 > J_01_O_12 > J_01_O_13 > J_01_O_14 > J_01_O_15 > J_01_O_16 > J_01_O_17 > J_03_O_21 > J_02_O_20 > J_02_O_21 > J_01_O_21 > J_01_O_22 > J_01_O_23 > J_01_O_24 > J_03_O_27 > J_02_O_23 > J_03_O_28 > J_03_O_29 > J_03_O_30 > J_03_O_31 > J_02_O_27 > J_02_O_28 > J_01_O_33 > J_01_O_34 > J_01_O_35 > J_01_O_36 > J_01_O_37 > J_03_O_37 > J_02_O_34 > J_02_O_35 > J_02_O_36 > J_02_O_37 > J_03_O_40 > J_03_O_41 > J_02_O_40 > J_02_O_41 > J_02_O_42 > J_02_O_43 > J_02_O_44 > J_02_O_45 > J_02_O_46 > J_02_O_47 > J_02_O_48 > J_03_O_50 > J_01_O_50,86.206897,89.655172,not instrumented by solver,results\part_d\many_very_short_operations_local_search.json,
many_very_short_operations,hand-built edge case,Many short operations and high sequencing density,simulated_annealing,42 (fixed default),True,56.000000,1.813036,3,3,150,1.000000,1.000000,1.000000,1.000000,0.000000,,,50.000000,12.000000,56.000000,J_01_O_01 > J_01_O_02 > J_01_O_03 > J_01_O_04 > J_01_O_05 > J_03_O_06 > J_03_O_07 > J_02_O_08 > J_02_O_09 > J_01_O_08 > J_03_O_11 > J_03_O_12 > J_03_O_13 > J_03_O_14 > J_03_O_15 > J_03_O_16 > J_03_O_17 > J_03_O_18 > J_02_O_18 > J_01_O_15 > J_03_O_21 > J_03_O_22 > J_02_O_21 > J_02_O_22 > J_02_O_23 > J_02_O_24 > J_03_O_27 > J_01_O_22 > J_03_O_29 > J_01_O_24 > J_01_O_25 > J_01_O_26 > J_03_O_33 > J_03_O_34 > J_02_O_32 > J_02_O_33 > J_02_O_34 > J_02_O_35 > J_02_O_36 > J_03_O_38 > J_02_O_37 > J_01_O_36 > J_03_O_41 > J_02_O_39 > J_01_O_39 > J_01_O_40 > J_01_O_41 > J_01_O_42 > J_02_O_44 > J_02_O_45 > J_02_O_46 > J_01_O_46 > J_01_O_47 > J_01_O_48 > J_01_O_49 > J_01_O_50,89.285714,92.857143,not instrumented by solver,results\part_d\many_very_short_operations_simulated_annealing.json,
many_very_short_operations,hand-built edge case,Many short operations and high sequencing density,tabu_search,42 (fixed default),True,58.000000,4.802624,3,3,150,1.000000,1.000000,1.000000,1.000000,0.000000,,,50.000000,16.000000,58.000000,J_03_O_01 > J_03_O_02 > J_01_O_02 > J_02_O_04 > J_02_O_05 > J_02_O_06 > J_01_O_05 > J_03_O_07 > J_03_O_08 > J_01_O_07 > J_03_O_10 > J_02_O_12 > J_02_O_13 > J_02_O_14 > J_03_O_14 > J_02_O_16 > J_02_O_17 > J_03_O_17 > J_03_O_18 > J_03_O_19 > J_03_O_20 > J_03_O_21 > J_02_O_22 > J_03_O_22 > J_03_O_23 > J_03_O_24 > J_03_O_25 > J_02_O_23 > J_02_O_24 > J_03_O_27 > J_03_O_28 > J_03_O_29 > J_03_O_30 > J_03_O_31 > J_02_O_28 > J_01_O_33 > J_01_O_34 > J_03_O_33 > J_03_O_34 > J_03_O_35 > J_01_O_38 > J_02_O_34 > J_02_O_35 > J_02_O_36 > J_02_O_37 > J_02_O_38 > J_02_O_39 > J_01_O_43 > J_01_O_44 > J_02_O_42 > J_02_O_43 > J_02_O_44 > J_02_O_45 > J_02_O_46 > J_02_O_47 > J_02_O_48 > J_03_O_49 > J_02_O_50,86.206897,89.655172,not instrumented by solver,results\part_d\many_very_short_operations_tabu_search.json,
many_very_short_operations,hand-built edge case,Many short operations and high sequencing density,genetic_algorithm,42 (fixed default),True,62.000000,1.649672,3,3,150,1.000000,1.000000,1.000000,1.000000,0.000000,,,50.000000,24.000000,62.000000,J_01_O_01 > J_02_O_02 > J_02_O_03 > J_02_O_04 > J_02_O_05 > J_02_O_06 > J_02_O_07 > J_02_O_08 > J_02_O_09 > J_01_O_07 > J_01_O_08 > J_01_O_09 > J_01_O_10 > J_03_O_07 > J_01_O_12 > J_01_O_13 > J_02_O_13 > J_03_O_11 > J_01_O_14 > J_02_O_15 > J_01_O_15 > J_03_O_15 > J_03_O_16 > J_03_O_17 > J_03_O_18 > J_03_O_19 > J_02_O_21 > J_02_O_22 > J_02_O_23 > J_02_O_24 > J_02_O_25 > J_03_O_24 > J_02_O_27 > J_02_O_28 > J_02_O_29 > J_02_O_30 > J_02_O_31 > J_02_O_32 > J_03_O_29 > J_03_O_30 > J_03_O_31 > J_01_O_33 > J_03_O_33 > J_03_O_34 > J_03_O_35 > J_03_O_36 > J_03_O_37 > J_02_O_41 > J_03_O_38 > J_03_O_39 > J_03_O_40 > J_01_O_42 > J_01_O_43 > J_02_O_45 > J_02_O_46 > J_03_O_44 > J_02_O_48 > J_02_O_49 > J_03_O_47 > J_03_O_48 > J_01_O_49 > J_01_O_50,80.645161,82.258065,not instrumented by solver,results\part_d\many_very_short_operations_genetic_algorithm.json,
many_very_short_operations,hand-built edge case,Many short operations and high sequencing density,memetic_algorithm,42 (fixed default),True,63.000000,3.366909,3,3,150,1.000000,1.000000,1.000000,1.000000,0.000000,,,50.000000,26.000000,63.000000,J_03_O_01 > J_02_O_01 > J_03_O_02 > J_02_O_03 > J_02_O_04 > J_02_O_05 > J_03_O_06 > J_01_O_07 > J_01_O_08 > J_03_O_08 > J_03_O_09 > J_03_O_10 > J_03_O_11 > J_01_O_13 > J_01_O_14 > J_01_O_15 > J_01_O_16 > J_01_O_17 > J_03_O_14 > J_03_O_15 > J_03_O_16 > J_03_O_17 > J_03_O_18 > J_03_O_19 > J_01_O_21 > J_03_O_20 > J_01_O_23 > J_03_O_22 > J_03_O_23 > J_03_O_24 > J_03_O_25 > J_03_O_26 > J_02_O_26 > J_02_O_27 > J_02_O_28 > J_02_O_29 > J_02_O_30 > J_03_O_31 > J_02_O_32 > J_03_O_33 > J_02_O_34 > J_02_O_35 > J_02_O_36 > J_01_O_33 > J_01_O_34 > J_03_O_37 > J_03_O_38 > J_03_O_39 > J_03_O_40 > J_01_O_38 > J_01_O_39 > J_01_O_40 > J_02_O_44 > J_01_O_42 > J_01_O_43 > J_01_O_44 > J_01_O_45 > J_01_O_46 > J_02_O_46 > J_01_O_47 > J_01_O_48 > J_01_O_49 > J_01_O_50,79.365079,84.126984,not instrumented by solver,results\part_d\many_very_short_operations_memetic_algorithm.json,
near_total_flexibility,hand-built edge case,Near-total machine flexibility,greedy_spt,not applicable,True,30.000000,0.038239,3,3,9,1.000000,10.000000,10.000000,10.000000,0.000000,,,30.000000,0.000000,30.000000,J_01_O_01 > J_01_O_02 > J_01_O_03,100.000000,100.000000,not instrumented by solver,results\part_d\near_total_flexibility_greedy_spt.json,
near_total_flexibility,hand-built edge case,Near-total machine flexibility,local_search,42 (fixed default),True,30.000000,0.132600,3,3,9,1.000000,10.000000,10.000000,10.000000,0.000000,,,30.000000,0.000000,30.000000,J_03_O_01 > J_01_O_02 > J_01_O_03,100.000000,100.000000,not instrumented by solver,results\part_d\near_total_flexibility_local_search.json,
near_total_flexibility,hand-built edge case,Near-total machine flexibility,simulated_annealing,42 (fixed default),True,30.000000,0.227906,3,3,9,1.000000,10.000000,10.000000,10.000000,0.000000,,,30.000000,0.000000,30.000000,J_01_O_01 > J_01_O_02 > J_01_O_03,100.000000,100.000000,not instrumented by solver,results\part_d\near_total_flexibility_simulated_annealing.json,
near_total_flexibility,hand-built edge case,Near-total machine flexibility,tabu_search,42 (fixed default),True,30.000000,0.478836,3,3,9,1.000000,10.000000,10.000000,10.000000,0.000000,,,30.000000,0.000000,30.000000,J_01_O_01 > J_01_O_02 > J_01_O_03,100.000000,100.000000,not instrumented by solver,results\part_d\near_total_flexibility_tabu_search.json,
near_total_flexibility,hand-built edge case,Near-total machine flexibility,genetic_algorithm,42 (fixed default),True,30.000000,0.155935,3,3,9,1.000000,10.000000,10.000000,10.000000,0.000000,,,30.000000,0.000000,30.000000,J_03_O_01 > J_01_O_02 > J_01_O_03,100.000000,100.000000,not instrumented by solver,results\part_d\near_total_flexibility_genetic_algorithm.json,
near_total_flexibility,hand-built edge case,Near-total machine flexibility,memetic_algorithm,42 (fixed default),True,30.000000,0.360694,3,3,9,1.000000,10.000000,10.000000,10.000000,0.000000,,,30.000000,0.000000,30.000000,J_01_O_01 > J_01_O_02 > J_01_O_03,100.000000,100.000000,not instrumented by solver,results\part_d\near_total_flexibility_memetic_algorithm.json,
near_zero_flexibility,hand-built edge case,Near-zero machine flexibility,greedy_spt,not applicable,True,30.000000,0.033554,3,3,9,0.333333,10.000000,10.000000,10.000000,0.000000,,,30.000000,0.000000,30.000000,J_01_O_01 > J_01_O_02 > J_01_O_03,100.000000,100.000000,not instrumented by solver,results\part_d\near_zero_flexibility_greedy_spt.json,
near_zero_flexibility,hand-built edge case,Near-zero machine flexibility,local_search,42 (fixed default),True,30.000000,0.113799,3,3,9,0.333333,10.000000,10.000000,10.000000,0.000000,,,30.000000,0.000000,30.000000,J_01_O_01 > J_01_O_02 > J_01_O_03,100.000000,100.000000,not instrumented by solver,results\part_d\near_zero_flexibility_local_search.json,
near_zero_flexibility,hand-built edge case,Near-zero machine flexibility,simulated_annealing,42 (fixed default),True,30.000000,0.195269,3,3,9,0.333333,10.000000,10.000000,10.000000,0.000000,,,30.000000,0.000000,30.000000,J_01_O_01 > J_01_O_02 > J_01_O_03,100.000000,100.000000,not instrumented by solver,results\part_d\near_zero_flexibility_simulated_annealing.json,
near_zero_flexibility,hand-built edge case,Near-zero machine flexibility,tabu_search,42 (fixed default),True,30.000000,0.415501,3,3,9,0.333333,10.000000,10.000000,10.000000,0.000000,,,30.000000,0.000000,30.000000,J_01_O_01 > J_01_O_02 > J_01_O_03,100.000000,100.000000,not instrumented by solver,results\part_d\near_zero_flexibility_tabu_search.json,
near_zero_flexibility,hand-built edge case,Near-zero machine flexibility,genetic_algorithm,42 (fixed default),True,30.000000,0.183733,3,3,9,0.333333,10.000000,10.000000,10.000000,0.000000,,,30.000000,0.000000,30.000000,J_01_O_01 > J_01_O_02 > J_01_O_03,100.000000,100.000000,not instrumented by solver,results\part_d\near_zero_flexibility_genetic_algorithm.json,
near_zero_flexibility,hand-built edge case,Near-zero machine flexibility,memetic_algorithm,42 (fixed default),True,30.000000,0.399067,3,3,9,0.333333,10.000000,10.000000,10.000000,0.000000,,,30.000000,0.000000,30.000000,J_01_O_01 > J_01_O_02 > J_01_O_03,100.000000,100.000000,not instrumented by solver,results\part_d\near_zero_flexibility_memetic_algorithm.json,
one_job,hand-built edge case,Single-job precedence-only edge case,greedy_spt,not applicable,True,50.000000,0.030994,1,5,10,1.000000,5.000000,5.000000,5.000000,0.000000,,,50.000000,0.000000,50.000000,J_01_O_01 > J_01_O_02 > J_01_O_03 > J_01_O_04 > J_01_O_05 > J_01_O_06 > J_01_O_07 > J_01_O_08 > J_01_O_09 > J_01_O_10,20.000000,100.000000,not instrumented by solver,results\part_d\one_job_greedy_spt.json,
one_job,hand-built edge case,Single-job precedence-only edge case,local_search,42 (fixed default),True,50.000000,0.130378,1,5,10,1.000000,5.000000,5.000000,5.000000,0.000000,,,50.000000,0.000000,50.000000,J_01_O_01 > J_01_O_02 > J_01_O_03 > J_01_O_04 > J_01_O_05 > J_01_O_06 > J_01_O_07 > J_01_O_08 > J_01_O_09 > J_01_O_10,20.000000,40.000000,not instrumented by solver,results\part_d\one_job_local_search.json,
one_job,hand-built edge case,Single-job precedence-only edge case,simulated_annealing,42 (fixed default),True,50.000000,0.246452,1,5,10,1.000000,5.000000,5.000000,5.000000,0.000000,,,50.000000,0.000000,50.000000,J_01_O_01 > J_01_O_02 > J_01_O_03 > J_01_O_04 > J_01_O_05 > J_01_O_06 > J_01_O_07 > J_01_O_08 > J_01_O_09 > J_01_O_10,20.000000,40.000000,not instrumented by solver,results\part_d\one_job_simulated_annealing.json,
one_job,hand-built edge case,Single-job precedence-only edge case,tabu_search,42 (fixed default),True,50.000000,0.490905,1,5,10,1.000000,5.000000,5.000000,5.000000,0.000000,,,50.000000,0.000000,50.000000,J_01_O_01 > J_01_O_02 > J_01_O_03 > J_01_O_04 > J_01_O_05 > J_01_O_06 > J_01_O_07 > J_01_O_08 > J_01_O_09 > J_01_O_10,20.000000,40.000000,not instrumented by solver,results\part_d\one_job_tabu_search.json,
one_job,hand-built edge case,Single-job precedence-only edge case,genetic_algorithm,42 (fixed default),True,50.000000,0.191110,1,5,10,1.000000,5.000000,5.000000,5.000000,0.000000,,,50.000000,0.000000,50.000000,J_01_O_01 > J_01_O_02 > J_01_O_03 > J_01_O_04 > J_01_O_05 > J_01_O_06 > J_01_O_07 > J_01_O_08 > J_01_O_09 > J_01_O_10,20.000000,40.000000,not instrumented by solver,results\part_d\one_job_genetic_algorithm.json,
one_job,hand-built edge case,Single-job precedence-only edge case,memetic_algorithm,42 (fixed default),True,50.000000,0.492245,1,5,10,1.000000,5.000000,5.000000,5.000000,0.000000,,,50.000000,0.000000,50.000000,J_01_O_01 > J_01_O_02 > J_01_O_03 > J_01_O_04 > J_01_O_05 > J_01_O_06 > J_01_O_07 > J_01_O_08 > J_01_O_09 > J_01_O_10,20.000000,40.000000,not instrumented by solver,results\part_d\one_job_memetic_algorithm.json,
single_machine,hand-built edge case,Single-machine scheduling edge case,greedy_spt,not applicable,True,125.000000,0.045328,5,1,10,1.000000,10.000000,15.000000,12.500000,2.500000,,,125.000000,0.000000,125.000000,J_01_O_01 > J_02_O_01 > J_03_O_01 > J_04_O_01 > J_05_O_01 > J_01_O_02 > J_02_O_02 > J_03_O_02 > J_04_O_02 > J_05_O_02,100.000000,100.000000,not instrumented by solver,results\part_d\single_machine_greedy_spt.json,
single_machine,hand-built edge case,Single-machine scheduling edge case,local_search,42 (fixed default),True,125.000000,0.119623,5,1,10,1.000000,10.000000,15.000000,12.500000,2.500000,,,125.000000,0.000000,125.000000,J_01_O_01 > J_04_O_01 > J_04_O_02 > J_01_O_02 > J_03_O_01 > J_05_O_01 > J_05_O_02 > J_02_O_01 > J_02_O_02 > J_03_O_02,100.000000,100.000000,not instrumented by solver,results\part_d\single_machine_local_search.json,
single_machine,hand-built edge case,Single-machine scheduling edge case,simulated_annealing,42 (fixed default),True,125.000000,0.230418,5,1,10,1.000000,10.000000,15.000000,12.500000,2.500000,,,125.000000,0.000000,125.000000,J_01_O_01 > J_04_O_01 > J_04_O_02 > J_01_O_02 > J_03_O_01 > J_05_O_01 > J_05_O_02 > J_02_O_01 > J_02_O_02 > J_03_O_02,100.000000,100.000000,not instrumented by solver,results\part_d\single_machine_simulated_annealing.json,
single_machine,hand-built edge case,Single-machine scheduling edge case,tabu_search,42 (fixed default),True,125.000000,0.410229,5,1,10,1.000000,10.000000,15.000000,12.500000,2.500000,,,125.000000,0.000000,125.000000,J_01_O_01 > J_04_O_01 > J_04_O_02 > J_01_O_02 > J_03_O_01 > J_05_O_01 > J_05_O_02 > J_02_O_01 > J_02_O_02 > J_03_O_02,100.000000,100.000000,not instrumented by solver,results\part_d\single_machine_tabu_search.json,
single_machine,hand-built edge case,Single-machine scheduling edge case,genetic_algorithm,42 (fixed default),True,125.000000,0.161821,5,1,10,1.000000,10.000000,15.000000,12.500000,2.500000,,,125.000000,0.000000,125.000000,J_01_O_01 > J_04_O_01 > J_04_O_02 > J_01_O_02 > J_03_O_01 > J_05_O_01 > J_05_O_02 > J_02_O_01 > J_02_O_02 > J_03_O_02,100.000000,100.000000,not instrumented by solver,results\part_d\single_machine_genetic_algorithm.json,
single_machine,hand-built edge case,Single-machine scheduling edge case,memetic_algorithm,42 (fixed default),True,125.000000,0.371772,5,1,10,1.000000,10.000000,15.000000,12.500000,2.500000,,,125.000000,0.000000,125.000000,J_01_O_01 > J_04_O_01 > J_04_O_02 > J_01_O_02 > J_03_O_01 > J_05_O_01 > J_05_O_02 > J_02_O_01 > J_02_O_02 > J_03_O_02,100.000000,100.000000,not instrumented by solver,results\part_d\single_machine_memetic_algorithm.json,
small,generated experiment instance,Small-scale correctness and runtime check,greedy_spt,not applicable,True,83.000000,0.029897,6,3,20,0.333333,6.000000,10.000000,8.400000,1.200000,,,83.000000,0.000000,83.000000,O_2_1 > O_1_1 > O_6_2 > O_3_1 > O_3_2 > O_1_4 > O_4_1 > O_2_2 > O_2_3 > O_5_4,67.469880,100.000000,not instrumented by solver,results\part_d\small_greedy_spt.json,
small,generated experiment instance,Small-scale correctness and runtime check,local_search,42 (fixed default),True,83.000000,0.238393,6,3,20,0.333333,6.000000,10.000000,8.400000,1.200000,,,83.000000,0.000000,83.000000,O_3_1 > O_1_1 > O_3_2 > O_4_1 > O_2_1 > O_6_2 > O_1_4 > O_2_2 > O_2_3 > O_5_4,67.469880,100.000000,not instrumented by solver,results\part_d\small_local_search.json,
small,generated experiment instance,Small-scale correctness and runtime check,simulated_annealing,42 (fixed default),True,83.000000,0.451106,6,3,20,0.333333,6.000000,10.000000,8.400000,1.200000,,,83.000000,0.000000,83.000000,O_3_1 > O_3_2 > O_2_1 > O_1_1 > O_2_2 > O_6_2 > O_5_4 > O_2_3 > O_4_1 > O_1_4,67.469880,100.000000,not instrumented by solver,results\part_d\small_simulated_annealing.json,
small,generated experiment instance,Small-scale correctness and runtime check,tabu_search,42 (fixed default),True,83.000000,0.997140,6,3,20,0.333333,6.000000,10.000000,8.400000,1.200000,,,83.000000,0.000000,83.000000,O_1_1 > O_2_1 > O_3_1 > O_3_2 > O_6_2 > O_1_4 > O_2_2 > O_4_1 > O_5_4 > O_2_3,67.469880,100.000000,not instrumented by solver,results\part_d\small_tabu_search.json,
small,generated experiment instance,Small-scale correctness and runtime check,genetic_algorithm,42 (fixed default),True,83.000000,0.325828,6,3,20,0.333333,6.000000,10.000000,8.400000,1.200000,,,83.000000,0.000000,83.000000,O_2_1 > O_3_1 > O_2_2 > O_1_1 > O_3_2 > O_5_4 > O_2_3 > O_4_1 > O_6_2 > O_1_4,67.469880,100.000000,not instrumented by solver,results\part_d\small_genetic_algorithm.json,
small,generated experiment instance,Small-scale correctness and runtime check,memetic_algorithm,42 (fixed default),True,83.000000,0.775598,6,3,20,0.333333,6.000000,10.000000,8.400000,1.200000,,,83.000000,0.000000,83.000000,O_1_1 > O_3_1 > O_3_2 > O_4_1 > O_6_2 > O_2_1 > O_1_4 > O_2_2 > O_2_3 > O_5_4,67.469880,100.000000,not instrumented by solver,results\part_d\small_memetic_algorithm.json,
